dataset,model,graph_mode,seed,n_folds,n_parameters,accuracy_mean,accuracy_std,macro_f1_mean,macro_f1_std,weighted_f1_mean,macro_precision_mean,macro_recall_mean,weighted_accuracy
DSA,a3tgcn,adaptive_correlation_mean,1024,8,423990,0.7595394736842105,0.082478810689987,0.7284870595338383,0.0935290046592328,0.7284870595338384,0.7590223441481481,0.7595394736842105,0.7595394736842105
DSA,a3tgcn,adaptive_correlation_mean,123,8,423990,0.6900219298245613,0.1107931003802783,0.6598092570987821,0.1184435452214612,0.6598092570987821,0.7216909795577471,0.6900219298245613,0.5767543859649122
DSA,a3tgcn,adaptive_correlation_mean,42,8,423990,0.7483552631578947,0.0534034005275316,0.7097876832542653,0.0597349511095055,0.7097876832542652,0.736176597306297,0.7483552631578947,0.7483552631578947
DSA,a3tgcn,adaptive_correlation_mean,456,8,423990,0.7525219298245615,0.1464613095170245,0.730014077088302,0.1506394094895833,0.7300140770883021,0.744718439394161,0.7525219298245613,0.7525219298245615
DSA,a3tgcn,adaptive_correlation_mean,789,8,423990,0.7008771929824561,0.1723008885161102,0.6726436849558362,0.1825733499018615,0.6726436849558362,0.7019104263409983,0.7008771929824561,0.5
DSA,a3tgcn,adaptive_dtw,1024,8,423990,0.7021929824561404,0.0891279439740716,0.6690503561623458,0.0864302867931373,0.6690503561623456,0.6926251374619392,0.7021929824561404,0.7021929824561404
DSA,a3tgcn,adaptive_dtw,123,8,423990,0.7098684210526316,0.1511814493917722,0.6771044456398898,0.1652848170781612,0.6771044456398898,0.7324756376945003,0.7098684210526316,0.7098684210526316
DSA,a3tgcn,adaptive_dtw,42,8,423990,0.7393640350877193,0.1363551541047816,0.7057574612473203,0.1440442217022842,0.7057574612473202,0.7482753538839109,0.7393640350877193,0.7393640350877193
DSA,a3tgcn,adaptive_dtw,456,8,423990,0.7153508771929824,0.128290785718287,0.6850060926837751,0.1441287795126949,0.685006092683775,0.7218536504639277,0.7153508771929824,0.7153508771929824
DSA,a3tgcn,adaptive_dtw,789,8,423990,0.7240131578947369,0.1563840606789623,0.693406872222826,0.1650017311765494,0.693406872222826,0.7307830841089017,0.7240131578947369,0.7240131578947369
DSA,a3tgcn,adaptive_knn,1024,8,423990,0.7336622807017544,0.140363854594656,0.7038152114884428,0.1527181873023597,0.703815211488443,0.7490543907049352,0.7336622807017544,0.7336622807017544
DSA,a3tgcn,adaptive_knn,123,8,423990,0.7266447368421052,0.1383630734170461,0.6952783695079526,0.1502987145773075,0.6952783695079527,0.7170078895223408,0.7266447368421052,0.7266447368421053
DSA,a3tgcn,adaptive_knn,42,8,423990,0.7520833333333333,0.125401737852461,0.7213502866493785,0.1367635924690116,0.7213502866493784,0.7435711259376008,0.7520833333333333,0.7520833333333333
DSA,a3tgcn,adaptive_knn,456,8,423990,0.7302631578947368,0.1284346531960203,0.6931799451681215,0.1408715999115689,0.6931799451681215,0.738669042911259,0.7302631578947368,0.7302631578947368
DSA,a3tgcn,adaptive_knn,789,8,423990,0.6958333333333333,0.1158199969736845,0.6556718760502458,0.1298775311164066,0.6556718760502458,0.7071554119016509,0.6958333333333333,0.6958333333333333
DSA,a3tgcn,adaptive_nosvd_correlation_mean,1024,8,424575,0.6483552631578947,0.1341484760097107,0.6122304445235855,0.1457903711516343,0.6122304445235855,0.6501356790755701,0.6483552631578947,0.6483552631578947
DSA,a3tgcn,adaptive_nosvd_correlation_mean,123,8,424575,0.637280701754386,0.0850119485382799,0.6012121713911771,0.0832709388469498,0.6012121713911771,0.638650427837876,0.637280701754386,0.6471929824561403
DSA,a3tgcn,adaptive_nosvd_correlation_mean,42,8,424575,0.6986842105263158,0.0459669210756978,0.6657433745133728,0.0570034002551467,0.6657433745133727,0.6925374884235207,0.6986842105263158,0.6994152046783626
DSA,a3tgcn,adaptive_nosvd_correlation_mean,456,8,424575,0.6638157894736842,0.1275635482161233,0.6285171207779818,0.1400896428714319,0.6285171207779818,0.6484071569924562,0.6638157894736841,0.6638157894736842
DSA,a3tgcn,adaptive_nosvd_correlation_mean,789,8,424575,0.6543859649122806,0.1139481787581088,0.6155765445013348,0.1218156440321492,0.6155765445013348,0.6370739403183749,0.6543859649122807,0.6543859649122807
DSA,a3tgcn,adaptive_random_predef_seed1024,42,8,423734,0.8593201754385965,0.0690102519750121,0.8409248396025628,0.0821156092757867,0.8409248396025628,0.8672208998046496,0.8593201754385965,0.8593201754385965
DSA,a3tgcn,adaptive_random_predef_seed123,42,8,423734,0.8695175438596492,0.0426065508440078,0.8515088180386268,0.0477567948338804,0.8515088180386268,0.8643492387895855,0.8695175438596491,0.8695175438596491
DSA,a3tgcn,adaptive_random_predef_seed42,42,8,423734,0.8489035087719299,0.0699444526341698,0.8335898086898297,0.0793141496800719,0.8335898086898297,0.8626594962950465,0.8489035087719299,0.8489035087719298
DSA,a3tgcn,adaptive_random_predef_seed456,42,8,423734,0.856907894736842,0.0593604947777437,0.8389324737600525,0.0700996009556168,0.8389324737600525,0.8689430767884692,0.856907894736842,0.8569078947368421
DSA,a3tgcn,adaptive_random_predef_seed789,42,8,423734,0.8589912280701755,0.0615767449748603,0.8410934180797813,0.0698637986825028,0.8410934180797814,0.863949627351561,0.8589912280701755,0.8589912280701755
DSA,a3tgcn,adaptive,1024,8,423734,0.868311403508772,0.0268134145342271,0.8511022679480515,0.0346991452830909,0.8511022679480515,0.8916492257470516,0.868311403508772,0.8683114035087719
DSA,a3tgcn,adaptive,123,8,423734,0.8552631578947368,0.03918755950483,0.8340187961795296,0.0492696443421581,0.8340187961795296,0.8533836684427716,0.8552631578947368,0.8532581453634085
DSA,a3tgcn,adaptive,42,8,423734,0.8813596491228071,0.0528080921671854,0.8663113966644811,0.0618323731716644,0.8663113966644811,0.8938702790391809,0.881359649122807,0.8678362573099415
DSA,a3tgcn,adaptive,456,8,423734,0.8762061403508772,0.0500316103141284,0.8574375841066859,0.058836167099169,0.8574375841066858,0.8827613014322175,0.8762061403508772,0.8184210526315789
DSA,a3tgcn,adaptive,789,8,423734,0.8520833333333333,0.038333778701897,0.8269385750091887,0.0491569173848836,0.8269385750091887,0.8458937188227379,0.8520833333333333,0.8520833333333333
DSA,a3tgcn,predefined_coarse,1024,8,423574,0.8350877192982455,0.0509225448199999,0.8111656833137203,0.0558580139571803,0.8111656833137203,0.836034351305343,0.8350877192982457,0.8350877192982457
DSA,a3tgcn,predefined_coarse,123,8,423574,0.8385964912280701,0.0602938582134028,0.819682166640141,0.066399967563577,0.8196821666401409,0.8365557239058319,0.8385964912280701,0.8385964912280702
DSA,a3tgcn,predefined_coarse,42,8,423574,0.8491228070175438,0.0725290614746061,0.8302714211356086,0.079500833712731,0.8302714211356086,0.8410966122024777,0.8491228070175438,0.8491228070175438
DSA,a3tgcn,predefined_coarse,456,8,423574,0.8551535087719297,0.0536961729519817,0.8349364130504344,0.0610730460461512,0.8349364130504344,0.8597433645419452,0.8551535087719297,0.8551535087719299
DSA,a3tgcn,predefined_coarse,789,8,423574,0.806688596491228,0.0758504890389132,0.7786482270455306,0.0833946222999368,0.7786482270455305,0.8276695192496384,0.806688596491228,0.806688596491228
DSA,a3tgcn,predefined_correlation_mean,1024,8,422550,0.7606359649122807,0.0900207278164083,0.7330626125551962,0.1012280939440868,0.7330626125551962,0.7518112944289836,0.7606359649122807,0.7522556390977444
DSA,a3tgcn,predefined_correlation_mean,123,8,422550,0.7560307017543859,0.0623986366403196,0.7204435208043447,0.0722462813468228,0.7204435208043447,0.7429463123565241,0.756030701754386,0.7560307017543859
DSA,a3tgcn,predefined_correlation_mean,42,8,422550,0.7494517543859649,0.0793337735532142,0.7170849736063805,0.087426932928204,0.7170849736063802,0.7485503778464583,0.7494517543859649,0.7494517543859649
DSA,a3tgcn,predefined_correlation_mean,456,8,422550,0.7758771929824562,0.0493416179313166,0.7394415656648691,0.0574549704488133,0.739441565664869,0.7507272285582384,0.7758771929824562,0.7758771929824562
DSA,a3tgcn,predefined_correlation_mean,789,8,422550,0.7651315789473685,0.0515304215879364,0.7352467178508229,0.0582744750693287,0.7352467178508227,0.7641707276925895,0.7651315789473685,0.7655388471177945
DSA,a3tgcn,predefined_dtw,1024,8,422550,0.7690789473684211,0.065581176100038,0.7416945036148264,0.0715100251052755,0.7416945036148264,0.7752663600064174,0.769078947368421,0.7280701754385965
DSA,a3tgcn,predefined_dtw,123,8,422550,0.7588815789473684,0.0681794507164732,0.7335205562142113,0.0849422568037707,0.7335205562142113,0.7684382269310851,0.7588815789473684,0.7469298245614036
DSA,a3tgcn,predefined_dtw,42,8,422550,0.725328947368421,0.0905905498301493,0.6999567902464907,0.0960985084816148,0.6999567902464906,0.7428714462427624,0.7253289473684211,0.725328947368421
DSA,a3tgcn,predefined_dtw,456,8,422550,0.7554824561403509,0.0807610265744434,0.7277383351274241,0.0884937877156923,0.7277383351274241,0.7759290390847025,0.755482456140351,0.6096491228070176
DSA,a3tgcn,predefined_dtw,789,8,422550,0.7216008771929825,0.096994240622379,0.6940091275221636,0.109675744095701,0.6940091275221636,0.7339950044586999,0.7216008771929825,0.7216008771929825
DSA,a3tgcn,predefined_fine,1024,8,422550,0.6316885964912281,0.0605841915957805,0.5920781903223804,0.067440037355082,0.5920781903223804,0.6410227535531613,0.631688596491228,0.6316885964912281
DSA,a3tgcn,predefined_fine,123,8,422550,0.7117324561403509,0.0236188893729327,0.671287364414767,0.0340955831468341,0.671287364414767,0.6898052010536082,0.7117324561403509,0.7117324561403509
DSA,a3tgcn,predefined_fine,42,8,422550,0.6662280701754386,0.0790557248598599,0.6342065277567017,0.0835071677621867,0.6342065277567017,0.6763898210521754,0.6662280701754386,0.6662280701754386
DSA,a3tgcn,predefined_fine,456,8,422550,0.6609649122807018,0.0465387873258615,0.613009843611108,0.0516722939777162,0.613009843611108,0.6451013456560546,0.6609649122807018,0.6609649122807018
DSA,a3tgcn,predefined_fine,789,8,422550,0.6348684210526316,0.0822725068862652,0.5897235898715132,0.0959479973763335,0.5897235898715133,0.6288874635374184,0.6348684210526316,0.6348684210526315
DSA,a3tgcn,predefined_knn_correlation,1024,8,422550,0.7637061403508771,0.0580191007104152,0.7296474172158545,0.0731484263218246,0.7296474172158545,0.746427044128079,0.7637061403508771,0.7637061403508771
DSA,a3tgcn,predefined_knn_correlation,123,8,422550,0.7544956140350878,0.0707235142116819,0.7238981351843874,0.0784388348548331,0.7238981351843874,0.760134833282391,0.7544956140350878,0.7544956140350877
DSA,a3tgcn,predefined_knn_correlation,42,8,422550,0.7742324561403509,0.0810501365483299,0.7419285861944971,0.0922541287256183,0.7419285861944971,0.7846915281099831,0.7742324561403509,0.7742324561403509
DSA,a3tgcn,predefined_knn_correlation,456,8,422550,0.7528508771929825,0.0648763384371529,0.7197221266614213,0.0773474114364789,0.7197221266614213,0.7464665732688012,0.7528508771929825,0.7528508771929825
DSA,a3tgcn,predefined_knn_correlation,789,8,422550,0.7783991228070175,0.0615364124039931,0.753401167256013,0.0726834893339949,0.753401167256013,0.7739334068226962,0.7783991228070175,0.7783991228070175
DSA,a3tgcn,random_predef_seed1024,42,8,423574,0.862609649122807,0.0400660655460581,0.8418435165524264,0.0489524481079991,0.8418435165524263,0.871673647694928,0.862609649122807,0.862609649122807
DSA,a3tgcn,random_predef_seed123,42,8,423574,0.8362938596491227,0.0685403501979903,0.8148535369369034,0.0759824595239002,0.8148535369369034,0.8280717077423203,0.8362938596491227,0.8362938596491228
DSA,a3tgcn,random_predef_seed42,42,8,423574,0.8287280701754387,0.0639730984502929,0.808507602034666,0.0750492545446819,0.808507602034666,0.8312068888464323,0.8287280701754387,0.8287280701754386
DSA,a3tgcn,random_predef_seed456,42,8,423574,0.8324561403508772,0.066918671899665,0.8101017388378778,0.0794779965715316,0.8101017388378777,0.8354837325935259,0.8324561403508772,0.8324561403508772
DSA,a3tgcn,random_predef_seed789,42,8,423574,0.8459429824561404,0.0486959395939046,0.8249730023959821,0.0579814235347574,0.8249730023959821,0.8531089036812622,0.8459429824561404,0.8459429824561403
DSA,cnn_bigru,none,1024,8,2226195,0.8274122807017544,0.0574942119746664,0.7929475483641876,0.0760892347205752,0.7929475483641875,0.8151539889100882,0.8274122807017544,0.8274122807017544
DSA,cnn_bigru,none,123,8,2226195,0.831469298245614,0.0564639752217774,0.7943283367363136,0.0746230375996139,0.7943283367363138,0.8196479547077911,0.831469298245614,0.831469298245614
DSA,cnn_bigru,none,42,8,2226195,0.8275219298245614,0.0790240094607499,0.7943954275436461,0.1042400877910028,0.7943954275436461,0.8295956834513909,0.8275219298245614,0.8275219298245614
DSA,cnn_bigru,none,456,8,2226195,0.8179824561403508,0.0423489839545431,0.7865503320810995,0.052227664519651,0.7865503320810994,0.8071323855648779,0.8179824561403508,0.8179824561403509
DSA,cnn_bigru,none,789,8,2226195,0.8427631578947368,0.0505809394974353,0.8132214134537276,0.0658942855768596,0.8132214134537274,0.8236480231629228,0.8427631578947368,0.8427631578947369
DSA,dcrnn,adaptive,1024,8,1209908,0.8128289473684212,0.0851757745444799,0.7884869435687043,0.1011229820760671,0.7884869435687043,0.8163332883370742,0.8128289473684209,0.812828947368421
DSA,dcrnn,adaptive,123,8,1209908,0.8120614035087719,0.0800120100057007,0.7910785295421381,0.0906775406434554,0.7910785295421381,0.8043306037258364,0.8120614035087719,0.812061403508772
DSA,dcrnn,adaptive,42,8,1209908,0.8405701754385966,0.0877968407268325,0.823879105751719,0.09903526182804,0.8238791057517192,0.8493299999436394,0.8405701754385965,0.7587719298245614
DSA,dcrnn,adaptive,456,8,1209908,0.8493421052631579,0.054139136408932,0.8273075070614269,0.0630654033646587,0.8273075070614269,0.847843372909987,0.8493421052631578,0.8493421052631579
DSA,dcrnn,adaptive,789,8,1209908,0.8759868421052631,0.0461005129115157,0.8624156095567859,0.0525448102885097,0.8624156095567859,0.8774049647513039,0.8759868421052631,0.8759868421052631
DSA,dcrnn,predefined_coarse,1024,8,1209748,0.8423245614035089,0.0395947218393778,0.8192687186580481,0.0490983226897041,0.8192687186580481,0.84322510065732,0.8423245614035086,0.8423245614035088
DSA,dcrnn,predefined_coarse,123,8,1209748,0.8298245614035088,0.0529940007173875,0.8035270063119205,0.0657699563029377,0.8035270063119205,0.8124757048628144,0.8298245614035087,0.8298245614035088
DSA,dcrnn,predefined_coarse,42,8,1209748,0.8428728070175439,0.0327700487715723,0.8210828656370107,0.0416173611208491,0.8210828656370107,0.8472695274271451,0.8428728070175439,0.8428728070175439
DSA,dcrnn,predefined_coarse,456,8,1209748,0.8726973684210526,0.043153164187682,0.8547470613466841,0.0500470690564175,0.8547470613466842,0.8664290733890083,0.8726973684210526,0.8726973684210526
DSA,dcrnn,predefined_coarse,789,8,1209748,0.8414473684210526,0.0462833610225184,0.8179401417612309,0.0552126812416343,0.8179401417612309,0.837540158896008,0.8414473684210526,0.8414473684210526
DSA,dcrnn,predefined_correlation_mean,1024,8,1208724,0.8471491228070176,0.067279543781064,0.8261167278784473,0.0842531535199972,0.8261167278784473,0.8478653729001365,0.8471491228070176,0.8485380116959065
DSA,dcrnn,predefined_correlation_mean,123,8,1208724,0.8021929824561403,0.0547789283771784,0.7764473603902213,0.0669181151206537,0.7764473603902213,0.8271151624888452,0.8021929824561403,0.7859649122807018
DSA,dcrnn,predefined_correlation_mean,42,8,1208724,0.7961622807017543,0.0586817478766317,0.7657635538932128,0.0698770899451296,0.7657635538932128,0.7867194314864908,0.7961622807017544,0.8073099415204679
DSA,dcrnn,predefined_correlation_mean,456,8,1208724,0.8075657894736843,0.0722938710910009,0.7775057448073741,0.0913516515134833,0.7775057448073741,0.7946522640964222,0.8075657894736843,0.7947368421052632
DSA,dcrnn,predefined_correlation_mean,789,8,1208724,0.8157894736842106,0.0909947674703703,0.7899430385243547,0.1051291446643152,0.7899430385243547,0.8149389005577117,0.8157894736842106,0.8489035087719298
DSA,dcrnn,predefined_fine,1024,8,1208724,0.7597587719298247,0.0443599481254385,0.7320701107600062,0.0490956051170238,0.732070110760006,0.7572134071326218,0.7597587719298244,0.7267543859649123
DSA,dcrnn,predefined_fine,123,8,1208724,0.7135964912280702,0.0677855098546908,0.682946449663218,0.0785205061562804,0.682946449663218,0.7170989545211086,0.7135964912280702,0.6421052631578947
DSA,dcrnn,predefined_fine,42,8,1208724,0.6915570175438597,0.08834855169086,0.6571886415721404,0.0981484891301284,0.6571886415721403,0.695998227384942,0.6915570175438596,0.6629385964912281
DSA,dcrnn,predefined_fine,456,8,1208724,0.6768640350877193,0.0801731562067161,0.6317703318862643,0.0838589420921748,0.6317703318862643,0.6892249680423728,0.6768640350877193,0.6687134502923977
DSA,dcrnn,predefined_fine,789,8,1208724,0.75,0.1117491874083502,0.7200379402716891,0.1201587795390574,0.7200379402716892,0.7582762507620773,0.75,0.7521929824561403
DSA,gconv_gru,adaptive,1024,8,620084,0.8178728070175438,0.0619880347112926,0.7913206112330053,0.066639520035852,0.7913206112330052,0.8052811837309312,0.8178728070175438,0.8178728070175438
DSA,gconv_gru,adaptive,123,8,620084,0.8457236842105262,0.0443967930676034,0.8207403598076143,0.0534383585515534,0.8207403598076143,0.8462023016037404,0.8457236842105262,0.8457236842105263
DSA,gconv_gru,adaptive,42,8,620084,0.8309210526315789,0.0641397696382355,0.7998212692280836,0.0766456503998127,0.7998212692280836,0.8063655730542032,0.8309210526315789,0.8309210526315789
DSA,gconv_gru,adaptive,456,8,620084,0.8230263157894737,0.0665435584241173,0.7958348980841639,0.07702056000452,0.7958348980841637,0.814450468956989,0.8230263157894737,0.762280701754386
DSA,gconv_gru,adaptive,789,8,620084,0.8154605263157895,0.0477867684059886,0.7930760692026175,0.0503789794050991,0.7930760692026175,0.8150372941356947,0.8154605263157895,0.7697368421052632
DSA,gconv_gru,predefined_coarse,1024,8,619924,0.8286184210526316,0.0582754915378114,0.8007716517399511,0.0691839787849257,0.8007716517399511,0.8146600408844559,0.8286184210526316,0.8286184210526316
DSA,gconv_gru,predefined_coarse,123,8,619924,0.8446271929824563,0.056096538379745,0.8205640359317249,0.0662220958694467,0.8205640359317249,0.8446224466650776,0.8446271929824563,0.8446271929824561
DSA,gconv_gru,predefined_coarse,42,8,619924,0.8035087719298246,0.067247012311477,0.7703102783466499,0.0773472425861476,0.7703102783466498,0.8029421179778137,0.8035087719298246,0.8035087719298246
DSA,gconv_gru,predefined_coarse,456,8,619924,0.8270833333333334,0.0601955708676108,0.8004399009954901,0.0733809763617834,0.8004399009954901,0.8432240970567323,0.8270833333333334,0.8270833333333333
DSA,gconv_gru,predefined_coarse,789,8,619924,0.8536184210526315,0.0569642758934946,0.8299441374953269,0.0690757641377603,0.8299441374953269,0.851121452411792,0.8536184210526316,0.8536184210526315
DSA,gconv_gru,predefined_correlation_mean,1024,8,618900,0.8015350877192982,0.0727577909042942,0.7782592707118718,0.0837597597065031,0.7782592707118721,0.815415494093315,0.8015350877192982,0.7882205513784462
DSA,gconv_gru,predefined_correlation_mean,123,8,618900,0.7940789473684211,0.0701175062408842,0.7688794299331488,0.0693816853834359,0.7688794299331488,0.8013611506637763,0.7940789473684211,0.7940789473684211
DSA,gconv_gru,predefined_correlation_mean,42,8,618900,0.7946271929824562,0.0645995273534371,0.7681526455522872,0.0648542567666604,0.7681526455522872,0.8010503881611845,0.7946271929824562,0.8096491228070175
DSA,gconv_gru,predefined_correlation_mean,456,8,618900,0.7966008771929824,0.0936600573988424,0.7750178862386115,0.1041760175128178,0.7750178862386115,0.8005872598122551,0.7966008771929824,0.7469298245614036
DSA,gconv_gru,predefined_correlation_mean,789,8,618900,0.7960526315789473,0.050356531255378,0.7698526431380117,0.05794197415123,0.7698526431380117,0.7989279842614518,0.7960526315789473,0.7888888888888889
DSA,gconv_gru,predefined_fine,1024,8,618900,0.6910087719298246,0.0586273260345062,0.6550614963207599,0.0647906898346075,0.6550614963207599,0.6689511143803706,0.6910087719298246,0.6910087719298246
DSA,gconv_gru,predefined_fine,123,8,618900,0.6802631578947369,0.0933808907988655,0.6424612051455443,0.1048011469154979,0.6424612051455444,0.6703171271232664,0.6802631578947368,0.6802631578947368
DSA,gconv_gru,predefined_fine,42,8,618900,0.6757675438596491,0.0971408925863118,0.6346212085751105,0.1108631538811145,0.6346212085751105,0.6837173669933047,0.6757675438596491,0.6757675438596491
DSA,gconv_gru,predefined_fine,456,8,618900,0.6678728070175439,0.064919596404967,0.6279872290876407,0.0727895509401725,0.6279872290876407,0.6772494888555076,0.6678728070175439,0.6678728070175438
DSA,gconv_gru,predefined_fine,789,8,618900,0.6696271929824561,0.0608242373890134,0.6277258642576864,0.0685881991529508,0.6277258642576864,0.6628049019776893,0.6696271929824561,0.6696271929824561
DSA,gconv_lstm,adaptive_random_predef_seed1024,42,8,816948,0.8259868421052632,0.0623346342650918,0.7952936469466514,0.0728417342675107,0.7952936469466514,0.8279942240772834,0.8259868421052632,0.8259868421052632
DSA,gconv_lstm,adaptive_random_predef_seed123,42,8,816948,0.800109649122807,0.0662679058480869,0.770918578810645,0.0813248411846387,0.770918578810645,0.7977427209570767,0.800109649122807,0.800109649122807
DSA,gconv_lstm,adaptive_random_predef_seed42,42,8,816948,0.8251096491228069,0.0794839676889324,0.7994415758677123,0.0929502080653785,0.7994415758677124,0.8254138304557829,0.8251096491228069,0.825109649122807
DSA,gconv_lstm,adaptive_random_predef_seed456,42,8,816948,0.824780701754386,0.0478668344595911,0.7971925760368386,0.0471662322926775,0.7971925760368386,0.8170752198274871,0.824780701754386,0.824780701754386
DSA,gconv_lstm,adaptive_random_predef_seed789,42,8,816948,0.8098684210526316,0.0633976777433059,0.7817232471358719,0.0720986295908758,0.7817232471358718,0.8048043930472351,0.8098684210526316,0.8098684210526316
DSA,gconv_lstm,adaptive,1024,8,816948,0.8076754385964913,0.0456809352519288,0.7768348018948397,0.0544614718688487,0.7768348018948396,0.8031442012070437,0.8076754385964913,0.8076754385964913
DSA,gconv_lstm,adaptive,123,8,816948,0.8355263157894737,0.040683223246685,0.810295143940073,0.0426905851504095,0.810295143940073,0.838614746358354,0.8355263157894738,0.8355263157894737
DSA,gconv_lstm,adaptive,42,8,816948,0.824780701754386,0.0678461423403786,0.7997208490984871,0.0748739595766325,0.7997208490984871,0.8251499137618493,0.824780701754386,0.824780701754386
DSA,gconv_lstm,adaptive,456,8,816948,0.812390350877193,0.057750747144806,0.7824165157555967,0.0676454970427511,0.7824165157555967,0.799778942947557,0.8123903508771929,0.812390350877193
DSA,gconv_lstm,adaptive,789,8,816948,0.8109649122807018,0.0735561753113829,0.7864053005630877,0.0809180689038158,0.7864053005630876,0.809520197261848,0.8109649122807017,0.8109649122807018
DSA,gconv_lstm,predefined_coarse,1024,8,816788,0.8260964912280702,0.0498685367771651,0.7960542495925176,0.0619104327260797,0.7960542495925176,0.8132128516118138,0.8260964912280702,0.8260964912280702
DSA,gconv_lstm,predefined_coarse,123,8,816788,0.8175438596491228,0.0442308850367674,0.7889975004458172,0.0524497029121757,0.7889975004458172,0.8125495937582649,0.8175438596491228,0.8175438596491228
DSA,gconv_lstm,predefined_coarse,42,8,816788,0.8035087719298246,0.0468025820513443,0.7706715662016372,0.0580659257615538,0.7706715662016372,0.7991136126043874,0.8035087719298246,0.8035087719298246
DSA,gconv_lstm,predefined_coarse,456,8,816788,0.8214912280701755,0.0404175650298536,0.7910411828876429,0.0387510243960247,0.7910411828876429,0.8013157300901388,0.8214912280701755,0.8214912280701754
DSA,gconv_lstm,predefined_coarse,789,8,816788,0.7995614035087719,0.0469892229446872,0.763001635523114,0.0569555472435016,0.763001635523114,0.7881497292457008,0.7995614035087719,0.7995614035087719
DSA,gconv_lstm,predefined_correlation_mean,1024,8,815764,0.806798245614035,0.0325441847527148,0.773772656922554,0.0360702685551739,0.7737726569225541,0.7997904244181634,0.806798245614035,0.8067982456140351
DSA,gconv_lstm,predefined_correlation_mean,123,8,815764,0.8165570175438597,0.0369735476366335,0.7887660192943424,0.0405559368336871,0.7887660192943423,0.8089070296976368,0.8165570175438597,0.8165570175438597
DSA,gconv_lstm,predefined_correlation_mean,42,8,815764,0.8197368421052631,0.0591699015931229,0.7951330068660678,0.0606847659528977,0.7951330068660678,0.8281861511124355,0.8197368421052631,0.8295739348370927
DSA,gconv_lstm,predefined_correlation_mean,456,8,815764,0.781030701754386,0.0684603147303783,0.7501741470406046,0.0726149231127001,0.7501741470406047,0.7741141777600167,0.7810307017543859,0.7810307017543859
DSA,gconv_lstm,predefined_correlation_mean,789,8,815764,0.8472587719298246,0.0656071120221859,0.8283912857711326,0.0747621606444376,0.8283912857711326,0.8571361589513637,0.8472587719298246,0.8472587719298246
DSA,gconv_lstm,predefined_fine,1024,8,815764,0.6861842105263158,0.0705632785874549,0.6453762581360707,0.0822240338858887,0.6453762581360707,0.6929309557986383,0.6861842105263158,0.6861842105263158
DSA,gconv_lstm,predefined_fine,123,8,815764,0.7391447368421052,0.0691592230583979,0.7067545237459067,0.073746784995249,0.7067545237459069,0.7391677288616192,0.7391447368421052,0.7391447368421052
DSA,gconv_lstm,predefined_fine,42,8,815764,0.6836622807017544,0.1029786244206311,0.6456023268268992,0.1207251620865555,0.6456023268268993,0.6766447252464249,0.6836622807017544,0.6836622807017544
DSA,gconv_lstm,predefined_fine,456,8,815764,0.6796052631578947,0.0951054294214995,0.6463511050608404,0.0990801285273455,0.6463511050608404,0.6877067486077169,0.6796052631578948,0.6796052631578947
DSA,gconv_lstm,predefined_fine,789,8,815764,0.6978070175438597,0.0863701066436613,0.6631447874564028,0.1020563445681779,0.6631447874564028,0.6939580105612506,0.6978070175438597,0.6978070175438597
DSA,gconv_lstm,random_predef_seed1024,42,8,816788,0.8078947368421052,0.0301070215819833,0.7822208208493201,0.0352853082289005,0.7822208208493201,0.8199809833936655,0.8078947368421052,0.8078947368421052
DSA,gconv_lstm,random_predef_seed123,42,8,816788,0.8186403508771929,0.0436105866937826,0.7896823047169398,0.0459320366797888,0.7896823047169398,0.8266715260454001,0.8186403508771929,0.818640350877193
DSA,gconv_lstm,random_predef_seed42,42,8,816788,0.8135964912280702,0.0503698998236912,0.7896323932478096,0.0542941059391826,0.7896323932478096,0.8212299040609535,0.8135964912280702,0.8135964912280702
DSA,gconv_lstm,random_predef_seed456,42,8,816788,0.8089912280701754,0.0651160711646138,0.7848620718390205,0.0736461455772801,0.7848620718390205,0.8223503476641141,0.8089912280701754,0.8089912280701754
DSA,gconv_lstm,random_predef_seed789,42,8,816788,0.8185307017543859,0.0399566879909318,0.7924274125070534,0.0461769049772835,0.7924274125070534,0.821546565303658,0.8185307017543859,0.8185307017543859
DSA,hybrid_tgnn,adaptive,1024,8,620245,0.856907894736842,0.0492527211838446,0.8375278498661547,0.0546596580496644,0.8375278498661548,0.8495782979706754,0.856907894736842,0.8462719298245615
DSA,hybrid_tgnn,adaptive,123,8,620245,0.8948464912280701,0.0485029768357236,0.8790560708482245,0.0618376341146863,0.8790560708482246,0.8841715436236264,0.89484649122807,0.8940789473684211
DSA,hybrid_tgnn,adaptive,42,8,620245,0.8723684210526316,0.0290435668967426,0.8493801676505522,0.0433658434987354,0.8493801676505522,0.872702876610491,0.8723684210526317,0.8513157894736842
DSA,hybrid_tgnn,adaptive,456,8,620245,0.868421052631579,0.0443546627020929,0.8425600664852215,0.0604900969238499,0.8425600664852215,0.8574412015033008,0.868421052631579,0.8692982456140351
DSA,hybrid_tgnn,adaptive,789,8,620245,0.8430921052631579,0.0387914670054458,0.8160171635795666,0.0477546661631149,0.8160171635795666,0.8271428613234076,0.8430921052631579,0.8407894736842105
DSA,hybrid_tgnn,predefined_coarse,1024,8,620245,0.8346491228070175,0.0702494127651204,0.8069543446769984,0.0847662509983479,0.8069543446769983,0.8278831248389648,0.8346491228070175,0.8346491228070175
DSA,hybrid_tgnn,predefined_coarse,123,8,620245,0.8137061403508772,0.0614034108708492,0.7870687257441926,0.0645453095999423,0.7870687257441926,0.8308664744600347,0.8137061403508772,0.8137061403508772
DSA,hybrid_tgnn,predefined_coarse,42,8,620245,0.8531798245614035,0.0424033161936992,0.8265436480936856,0.0563691410289554,0.8265436480936856,0.8463910613194334,0.8531798245614035,0.8531798245614035
DSA,hybrid_tgnn,predefined_coarse,456,8,620245,0.8440789473684212,0.0554243506846496,0.8171114081228037,0.0665992160041657,0.8171114081228036,0.8265324237812637,0.8440789473684209,0.844078947368421
DSA,hybrid_tgnn,predefined_coarse,789,8,620245,0.8163377192982455,0.042775948379577,0.7879990301359783,0.0506116507575539,0.7879990301359784,0.8142676700776885,0.8163377192982455,0.8163377192982456
DSA,hybrid_tgnn,predefined_correlation_mean,1024,8,621781,0.7889254385964912,0.0739473391552667,0.7611896862028122,0.0822038031078088,0.7611896862028121,0.7909010409428543,0.7889254385964912,0.7889254385964912
DSA,hybrid_tgnn,predefined_correlation_mean,123,8,621781,0.8006578947368421,0.0872330271805724,0.7716078740392014,0.0969954370200458,0.7716078740392014,0.7968335099394407,0.8006578947368421,0.8006578947368421
DSA,hybrid_tgnn,predefined_correlation_mean,42,8,621781,0.818311403508772,0.0499835258717496,0.7888747459228924,0.0633279429155862,0.7888747459228924,0.8117142906542543,0.818311403508772,0.818311403508772
DSA,hybrid_tgnn,predefined_correlation_mean,456,8,621781,0.787719298245614,0.0585127829446574,0.7548708528883648,0.0605270622618074,0.7548708528883648,0.7848398008231283,0.787719298245614,0.787719298245614
DSA,hybrid_tgnn,predefined_correlation_mean,789,8,621781,0.7989035087719298,0.1084866005089887,0.7712643390365254,0.1169168757206613,0.7712643390365252,0.7934452678433996,0.7989035087719298,0.7989035087719298
DSA,hybrid_tgnn,predefined_fine,1024,8,621781,0.7256578947368422,0.0371767125536167,0.6892784557999215,0.0450016665028877,0.6892784557999215,0.7149874604871893,0.7256578947368422,0.7256578947368421
DSA,hybrid_tgnn,predefined_fine,123,8,621781,0.6600877192982457,0.0682296016934388,0.6177592948113486,0.0816642166398897,0.6177592948113486,0.6556354972606322,0.6600877192982457,0.6600877192982456
DSA,hybrid_tgnn,predefined_fine,42,8,621781,0.681030701754386,0.0914817423511104,0.6494924671489595,0.0962353757898098,0.6494924671489595,0.6887608867747297,0.681030701754386,0.681030701754386
DSA,hybrid_tgnn,predefined_fine,456,8,621781,0.662390350877193,0.0767549342085683,0.6189940356073865,0.0801360784215761,0.6189940356073866,0.6513896004420159,0.6623903508771929,0.662390350877193
DSA,hybrid_tgnn,predefined_fine,789,8,621781,0.6868421052631579,0.0605644426063504,0.6484421730868837,0.066966442987403,0.6484421730868835,0.6836327396180006,0.6868421052631579,0.6868421052631579
DSA,lstm,none,1024,8,2334739,0.7919956140350877,0.0657272183514965,0.7567349613611731,0.079799855753303,0.7567349613611734,0.7801846647859061,0.7919956140350877,0.7919956140350877
DSA,lstm,none,123,8,2334739,0.7880482456140352,0.0753874999078195,0.7504184119271102,0.0937061754259013,0.7504184119271102,0.7918777763403568,0.788048245614035,0.7880482456140351
DSA,lstm,none,42,8,2334739,0.8051535087719299,0.0722040098109468,0.7620362244918013,0.0932061283273068,0.7620362244918013,0.775902740222023,0.8051535087719299,0.8051535087719298
DSA,lstm,none,456,8,2334739,0.781030701754386,0.0569212031898147,0.7418684701547694,0.0712023965429819,0.7418684701547695,0.7686745645310216,0.7810307017543859,0.7810307017543859
DSA,lstm,none,789,8,2334739,0.787061403508772,0.054353679579594,0.745883227837473,0.0617546738506424,0.745883227837473,0.7715756397277151,0.7870614035087719,0.787061403508772
DSA,tcn,none,1024,8,831379,0.7760964912280701,0.0853605568698386,0.7365423465953529,0.1005924829985825,0.7365423465953529,0.7557522797148833,0.7760964912280701,0.7760964912280702
DSA,tcn,none,123,8,831379,0.7808114035087719,0.0694070286246229,0.742216473878473,0.0890010988120409,0.742216473878473,0.7630709117283269,0.7808114035087719,0.780811403508772
DSA,tcn,none,42,8,831379,0.8030701754385965,0.0670321238847637,0.7684301837050256,0.085179616903414,0.7684301837050256,0.7728320531155706,0.8030701754385965,0.8030701754385965
DSA,tcn,none,456,8,831379,0.800219298245614,0.052493880544438,0.762936506480256,0.0640212405207804,0.762936506480256,0.7891457645245659,0.800219298245614,0.800219298245614
DSA,tcn,none,789,8,831379,0.7862938596491228,0.1083386047975221,0.7543790058333871,0.1142795525076453,0.7543790058333872,0.7720302817023735,0.7862938596491228,0.7862938596491228
DSA,transformer,none,1024,8,2156819,0.881469298245614,0.0717375981680477,0.8600468715323104,0.0913122530552001,0.8600468715323104,0.8698225116814657,0.881469298245614,0.881469298245614
DSA,transformer,none,123,8,2156819,0.8781798245614035,0.0631722655129607,0.8573450033506098,0.0818532767612728,0.8573450033506098,0.8752894537064032,0.8781798245614035,0.8781798245614035
DSA,transformer,none,42,8,2156819,0.8800438596491228,0.0619504929230365,0.8609428552439735,0.0769198335213184,0.8609428552439735,0.886640635447012,0.8800438596491228,0.8800438596491228
DSA,transformer,none,456,8,2156819,0.8698464912280701,0.0661466001456923,0.8504659268632709,0.0793259337013157,0.8504659268632709,0.8767876644626811,0.8698464912280701,0.8698464912280702
DSA,transformer,none,789,8,2156819,0.9028508771929824,0.078501114494738,0.8870997305749713,0.0957433671481164,0.8870997305749713,0.903094734341845,0.9028508771929824,0.9028508771929824
